timestamp_ms,bus_voltage_v,shunt_voltage_mv,current_ma,power_mw,scenario,panel_orientation
735810,5.388,0.350,3.500,20.000,hand shade,sun facing
740815,3.852,0.200,2.000,6.000,hand shade,sun facing
745821,3.792,0.190,1.900,6.000,hand shade,sun facing
750826,3.516,0.170,1.700,6.000,hand shade,sun facing
755831,4.356,0.240,2.400,14.000,hand shade,sun facing
760837,3.192,0.110,1.100,4.000,hand shade,sun facing
765843,2.860,0.110,1.100,4.000,hand shade,sun facing
770848,2.900,0.090,0.900,4.000,hand shade,sun facing
775854,3.052,0.130,1.300,4.000,hand shade,sun facing
780859,3.000,0.130,1.300,4.000,hand shade,sun facing
785864,4.204,0.220,2.200,10.000,hand shade,sun facing
790870,3.408,0.150,1.500,6.000,hand shade,sun facing
795876,3.368,0.150,1.500,6.000,hand shade,sun facing
800881,3.188,0.150,1.500,4.000,hand shade,sun facing
805886,3.076,0.130,1.300,4.000,hand shade,sun facing
