captured_at,timestamp_ms,bus_voltage_v,shunt_voltage_mv,current_ma,power_mw,scenario,panel_orientation
2026-10-04T15:00:45-07:00,4,1.52,-0.02,-0.2,0.0,sun,fixed facing sun
2026-10-04T15:00:50-07:00,5009,1.544,0.0,0.0,0.0,sun,fixed facing sun
2026-10-04T15:00:55-07:00,10014,1.508,0.0,0.0,0.0,sun,fixed facing sun
2026-10-04T15:01:00-07:00,15020,1.164,0.0,0.0,0.0,sun,fixed facing sun
2026-10-04T15:01:05-07:00,20025,1.244,0.02,0.2,0.0,sun,fixed facing sun
2026-10-04T15:01:10-07:00,25030,1.528,0.0,0.0,0.0,sun,fixed facing sun
2026-10-04T15:01:15-07:00,30035,1.596,-0.02,-0.2,0.0,sun,fixed facing sun
2026-10-04T15:01:20-07:00,35041,1.244,-0.02,-0.2,0.0,sun,fixed facing sun
2026-10-04T15:01:25-07:00,40046,1.08,-0.02,0.0,0.0,sun,fixed facing sun
2026-10-04T15:01:30-07:00,45051,1.58,0.02,-0.2,0.0,sun,fixed facing sun
2026-10-04T15:01:35-07:00,50058,1.58,0.0,0.0,0.0,sun,fixed facing sun
2026-10-04T15:01:40-07:00,55063,1.62,0.0,0.0,0.0,sun,fixed facing sun
2026-10-04T15:01:45-07:00,60068,1.544,0.0,0.0,0.0,sun,fixed facing sun
2026-10-04T15:01:50-07:00,65074,1.188,-0.02,-0.2,0.0,sun,fixed facing sun
2026-10-04T15:01:55-07:00,70079,1.648,0.02,0.0,0.0,sun,fixed facing sun
2026-10-04T15:02:00-07:00,75084,1.276,0.0,0.0,0.0,sun,fixed facing sun
2026-10-04T15:02:05-07:00,80090,1.536,0.0,0.0,0.0,sun,fixed facing sun
2026-10-04T15:02:10-07:00,85095,1.5,0.0,0.0,0.0,sun,fixed facing sun
2026-10-04T15:02:15-07:00,90100,1.508,-0.02,-0.2,0.0,sun,fixed facing sun
2026-10-04T15:02:20-07:00,95106,1.468,0.02,0.2,0.0,sun,fixed facing sun
